<?xml version="1.0" encoding="UTF-8" standalone="yes"?>
<addon id="plugin.program.taoxwizard19" name="[COLOR teal]Taox[/COLOR] [COLOR purple]Wizard[/COLOR] 19" version="19.0.1-Public" provider-name="[COLOR teal]Taox[/COLOR] [COLOR purple]Trece[/COLOR]">
	<requires>
		<import addon="xbmc.python" version="3.0.0"/>
		<import addon="script.module.requests" optional="true" />
		<import addon="resource.language.es_es" />
	</requires>
	<extension point="xbmc.python.pluginsource" library="addon.py">
		<provides>executable</provides>
	</extension>
	<extension point="xbmc.addon.repository" name="[COLOR teal]Taox[/COLOR] [COLOR purple]Wizard[/COLOR] Repo">
        	<info>https://raw.githubusercontent.com/taoxtrece/repository.taoxwizard/master/addons.xml</info>
		<checksum>https://raw.githubusercontent.com/taoxtrece/repository.taoxwizard/master/addons.xml.md5</checksum>
        	<datadir zip="true">https://raw.githubusercontent.com/taoxtrece/repository.taoxwizard/master/repository.taoxwizard/</datadir>
	</extension>
	<extension point="xbmc.service" library="service.py" />
	<extension point="xbmc.addon.metadata">
    <summary lang="es_ES">Taox Wizard</summary>
    <description lang="es_ES">Instalador de builds para Kodi 19.</description>
    <summary lang="en">Taox Wizard</summary>
    <description lang="en">Builds installer for Kodi 19.</description>
		<license>GPL-3.0-or-later</license>
    <platform>all</platform>
		<forum></forum>
		<website></website> 
		<email></email>
		<source></source>
		<news>19.0.1-Public Lanzamiento inicial.
		</news>
		<assets>
				<icon>resources/icon.png</icon>
				<fanart>resources/fanart.jpg</fanart>
				<banner></banner>
				<clearlogo>resources/icon.png</clearlogo>
				<screenshot>https://archive.org/download/xcpon_bitwhites_Icon/solovod19.png</screenshot>
				<screenshot>https://archive.org/download/xcpon_bitwhites_Icon/darkocean19.png</screenshot>
		</assets>
	</extension>
</addon>